
INSERT INTO `Hotel_Room` (`id_room`, `room_number`, `is_active`) VALUES (1,'10',1);
INSERT INTO `Hotel_Room` (`id_room`, `room_number`, `is_active`) VALUES (2,'25',1);
INSERT INTO `Hotel_Room` (`id_room`, `room_number`, `is_active`) VALUES (3,'40',1);
INSERT INTO `Hotel_Room` (`id_room`, `room_number`, `is_active`) VALUES (4,'55',1);
INSERT INTO `Hotel_Room` (`id_room`, `room_number`, `is_active`) VALUES (5,'70',1);
INSERT INTO `Hotel_Room` (`id_room`, `room_number`, `is_active`) VALUES (6,'85',1);
INSERT INTO `Hotel_Room` (`id_room`, `room_number`, `is_active`) VALUES (7,'100',1);
INSERT INTO `Hotel_Room` (`id_room`, `room_number`, `is_active`) VALUES (8,'115',1);
INSERT INTO `Hotel_Room` (`id_room`, `room_number`, `is_active`) VALUES (9,'130',1);
INSERT INTO `Hotel_Room` (`id_room`, `room_number`, `is_active`) VALUES (10,'145',1);
INSERT INTO `Hotel_Room` (`id_room`, `room_number`, `is_active`) VALUES (11,'160',1);
INSERT INTO `Hotel_Room` (`id_room`, `room_number`, `is_active`) VALUES (12,'175',1);
INSERT INTO `Hotel_Room` (`id_room`, `room_number`, `is_active`) VALUES (13,'190',1);
INSERT INTO `Hotel_Room` (`id_room`, `room_number`, `is_active`) VALUES (14,'205',1);
INSERT INTO `Hotel_Room` (`id_room`, `room_number`, `is_active`) VALUES (15,'220',1);
INSERT INTO `Hotel_Room` (`id_room`, `room_number`, `is_active`) VALUES (16,'235',1);
INSERT INTO `Hotel_Room` (`id_room`, `room_number`, `is_active`) VALUES (17,'250',1);
INSERT INTO `Hotel_Room` (`id_room`, `room_number`, `is_active`) VALUES (18,'265',1);
INSERT INTO `Hotel_Room` (`id_room`, `room_number`, `is_active`) VALUES (19,'280',1);
INSERT INTO `Hotel_Room` (`id_room`, `room_number`, `is_active`) VALUES (20,'295',1);

INSERT INTO `User` (`idUser`, `name`, `last_name`, `login`, `password`, `idUserType`) VALUES (1,'V','B','blandit','vitae,',1);
INSERT INTO `User` (`idUser`, `name`, `last_name`, `login`, `password`, `idUserType`) VALUES (2,'Laurel','P','pellentesque,','lacus.',1);
INSERT INTO `User` (`idUser`, `name`, `last_name`, `login`, `password`, `idUserType`) VALUES (3,'C','Garza','dolor','Morbi',1);
INSERT INTO `User` (`idUser`, `name`, `last_name`, `login`, `password`, `idUserType`) VALUES (4,'L','Sawyer','neque.','tempus',1);
INSERT INTO `User` (`idUser`, `name`, `last_name`, `login`, `password`, `idUserType`) VALUES (5,'X','X','eu','at',1);
INSERT INTO `User` (`idUser`, `name`, `last_name`, `login`, `password`, `idUserType`) VALUES (6,'Alika','Hooper','placerat','ultricies',1);
INSERT INTO `User` (`idUser`, `name`, `last_name`, `login`, `password`, `idUserType`) VALUES (7,'Hector','Z','non,','semper',1);
INSERT INTO `User` (`idUser`, `name`, `last_name`, `login`, `password`, `idUserType`) VALUES (8,'N','Blackwell','egestas.','auctor',1);
INSERT INTO `User` (`idUser`, `name`, `last_name`, `login`, `password`, `idUserType`) VALUES (9,'I','Torres','nascetur','elit',1);
INSERT INTO `User` (`idUser`, `name`, `last_name`, `login`, `password`, `idUserType`) VALUES (10,'W','Q','consectetuer,','ornare,',1);
INSERT INTO `User` (`idUser`, `name`, `last_name`, `login`, `password`, `idUserType`) VALUES (11,'Dalton','C','laoreet','Praesent',1);
INSERT INTO `User` (`idUser`, `name`, `last_name`, `login`, `password`, `idUserType`) VALUES (12,'Malcolm','X','sit','Nunc',1);
INSERT INTO `User` (`idUser`, `name`, `last_name`, `login`, `password`, `idUserType`) VALUES (13,'M','Savage','ultrices','tristique',1);
INSERT INTO `User` (`idUser`, `name`, `last_name`, `login`, `password`, `idUserType`) VALUES (14,'Barrett','Estes','sem','vulputate',1);
INSERT INTO `User` (`idUser`, `name`, `last_name`, `login`, `password`, `idUserType`) VALUES (15,'N','J','risus.','magna',1);
INSERT INTO `User` (`idUser`, `name`, `last_name`, `login`, `password`, `idUserType`) VALUES (16,'A','Chase','sed','nunc',1);
INSERT INTO `User` (`idUser`, `name`, `last_name`, `login`, `password`, `idUserType`) VALUES (17,'Lillian','D','gravida','gravida',1);
INSERT INTO `User` (`idUser`, `name`, `last_name`, `login`, `password`, `idUserType`) VALUES (18,'M','T','Mauris','neque.',1);
INSERT INTO `User` (`idUser`, `name`, `last_name`, `login`, `password`, `idUserType`) VALUES (19,'B','Y','Cum','amet',1);
INSERT INTO `User` (`idUser`, `name`, `last_name`, `login`, `password`, `idUserType`) VALUES (20,'Odette','Gilbert','Phasellus','ornare.',1);
INSERT INTO `User` (`idUser`, `name`, `last_name`, `login`, `password`, `idUserType`) VALUES (21,'Upton','M','non,','bibendum.',1);
INSERT INTO `User` (`idUser`, `name`, `last_name`, `login`, `password`, `idUserType`) VALUES (22,'Libby','Bass','Sed','ornare',1);
INSERT INTO `User` (`idUser`, `name`, `last_name`, `login`, `password`, `idUserType`) VALUES (23,'Reed','X','ipsum.','Mauris',1);
INSERT INTO `User` (`idUser`, `name`, `last_name`, `login`, `password`, `idUserType`) VALUES (24,'E','Joseph','dictum','Nunc',1);
INSERT INTO `User` (`idUser`, `name`, `last_name`, `login`, `password`, `idUserType`) VALUES (25,'Dara','Lynn','neque','in',1);
INSERT INTO `User` (`idUser`, `name`, `last_name`, `login`, `password`, `idUserType`) VALUES (26,'W','Andrews','dolor','sem',1);
INSERT INTO `User` (`idUser`, `name`, `last_name`, `login`, `password`, `idUserType`) VALUES (27,'Kato','B','gravida','odio.',1);
INSERT INTO `User` (`idUser`, `name`, `last_name`, `login`, `password`, `idUserType`) VALUES (28,'Driscoll','Burnett','cursus.','conubia',1);
INSERT INTO `User` (`idUser`, `name`, `last_name`, `login`, `password`, `idUserType`) VALUES (29,'Theodore','French','Suspendisse','placerat.',1);
INSERT INTO `User` (`idUser`, `name`, `last_name`, `login`, `password`, `idUserType`) VALUES (30,'Vernon','Z','montes,','mi.',1);
INSERT INTO `User` (`idUser`, `name`, `last_name`, `login`, `password`, `idUserType`) VALUES (31,'Erica','W','in','sodales',1);
INSERT INTO `User` (`idUser`, `name`, `last_name`, `login`, `password`, `idUserType`) VALUES (32,'V','S','Phasellus','sociosqu',1);
INSERT INTO `User` (`idUser`, `name`, `last_name`, `login`, `password`, `idUserType`) VALUES (33,'Jorden','Y','scelerisque','ornare,',1);
INSERT INTO `User` (`idUser`, `name`, `last_name`, `login`, `password`, `idUserType`) VALUES (34,'Fallon','Q','aliquet.','auctor',1);
INSERT INTO `User` (`idUser`, `name`, `last_name`, `login`, `password`, `idUserType`) VALUES (35,'Scott','S','enim,','libero.',1);
INSERT INTO `User` (`idUser`, `name`, `last_name`, `login`, `password`, `idUserType`) VALUES (36,'Jermaine','Y','enim','lacinia.',1);
INSERT INTO `User` (`idUser`, `name`, `last_name`, `login`, `password`, `idUserType`) VALUES (37,'Walter','F','purus','et',1);
INSERT INTO `User` (`idUser`, `name`, `last_name`, `login`, `password`, `idUserType`) VALUES (38,'R','Q','Donec','eget',1);
INSERT INTO `User` (`idUser`, `name`, `last_name`, `login`, `password`, `idUserType`) VALUES (39,'H','Lara','ornare','mi.',1);
INSERT INTO `User` (`idUser`, `name`, `last_name`, `login`, `password`, `idUserType`) VALUES (40,'Christine','Rogers','Mauris','non,',1);
INSERT INTO `User` (`idUser`, `name`, `last_name`, `login`, `password`, `idUserType`) VALUES (41,'Yuri','Davenport','Cum','tellus',1);
INSERT INTO `User` (`idUser`, `name`, `last_name`, `login`, `password`, `idUserType`) VALUES (42,'D','Chase','scelerisque','ac,',1);
INSERT INTO `User` (`idUser`, `name`, `last_name`, `login`, `password`, `idUserType`) VALUES (43,'X','Carney','dolor,','ut',1);
INSERT INTO `User` (`idUser`, `name`, `last_name`, `login`, `password`, `idUserType`) VALUES (44,'H','Vance','est','in',1);
INSERT INTO `User` (`idUser`, `name`, `last_name`, `login`, `password`, `idUserType`) VALUES (45,'K','Z','sodales','sagittis.',1);
INSERT INTO `User` (`idUser`, `name`, `last_name`, `login`, `password`, `idUserType`) VALUES (46,'Selma','A','ut,','orci,',1);
INSERT INTO `User` (`idUser`, `name`, `last_name`, `login`, `password`, `idUserType`) VALUES (47,'J','Schmidt','lectus','nisl.',1);
INSERT INTO `User` (`idUser`, `name`, `last_name`, `login`, `password`, `idUserType`) VALUES (48,'I','N','convallis','dictum',1);
INSERT INTO `User` (`idUser`, `name`, `last_name`, `login`, `password`, `idUserType`) VALUES (49,'Bianca','L','libero','ut',1);
INSERT INTO `User` (`idUser`, `name`, `last_name`, `login`, `password`, `idUserType`) VALUES (50,'B','T','pretium','commodo',1);
INSERT INTO `User` (`idUser`, `name`, `last_name`, `login`, `password`, `idUserType`) VALUES (51,'X','Phelps','amet','varius.',1);
INSERT INTO `User` (`idUser`, `name`, `last_name`, `login`, `password`, `idUserType`) VALUES (52,'Vivien','Mercer','elit.','eu,',1);
INSERT INTO `User` (`idUser`, `name`, `last_name`, `login`, `password`, `idUserType`) VALUES (53,'E','Grimes','a','mollis',1);
INSERT INTO `User` (`idUser`, `name`, `last_name`, `login`, `password`, `idUserType`) VALUES (54,'W','Sanford','magna.','tincidunt',1);
INSERT INTO `User` (`idUser`, `name`, `last_name`, `login`, `password`, `idUserType`) VALUES (55,'U','Z','In','massa.',1);
INSERT INTO `User` (`idUser`, `name`, `last_name`, `login`, `password`, `idUserType`) VALUES (56,'N','U','ridiculus','vulputate',1);
INSERT INTO `User` (`idUser`, `name`, `last_name`, `login`, `password`, `idUserType`) VALUES (57,'Emery','M','mauris','id,',1);
INSERT INTO `User` (`idUser`, `name`, `last_name`, `login`, `password`, `idUserType`) VALUES (58,'N','Klein','Etiam','tincidunt',1);
INSERT INTO `User` (`idUser`, `name`, `last_name`, `login`, `password`, `idUserType`) VALUES (59,'Alexa','Knapp','nec','Integer',1);
INSERT INTO `User` (`idUser`, `name`, `last_name`, `login`, `password`, `idUserType`) VALUES (60,'T','Baxter','Nulla','semper',1);
INSERT INTO `User` (`idUser`, `name`, `last_name`, `login`, `password`, `idUserType`) VALUES (61,'Kimberley','Nelson','ligula','vitae,',1);
INSERT INTO `User` (`idUser`, `name`, `last_name`, `login`, `password`, `idUserType`) VALUES (62,'N','Rodriguez','senectus','luctus',1);
INSERT INTO `User` (`idUser`, `name`, `last_name`, `login`, `password`, `idUserType`) VALUES (63,'H','D','velit','dictum',1);
INSERT INTO `User` (`idUser`, `name`, `last_name`, `login`, `password`, `idUserType`) VALUES (64,'Rana','W','Cras','et,',1);
INSERT INTO `User` (`idUser`, `name`, `last_name`, `login`, `password`, `idUserType`) VALUES (65,'B','S','lacinia','sit',1);
INSERT INTO `User` (`idUser`, `name`, `last_name`, `login`, `password`, `idUserType`) VALUES (66,'Sebastian','S','at,','facilisis',1);
INSERT INTO `User` (`idUser`, `name`, `last_name`, `login`, `password`, `idUserType`) VALUES (67,'F','K','Donec','mauris',1);
INSERT INTO `User` (`idUser`, `name`, `last_name`, `login`, `password`, `idUserType`) VALUES (68,'Cleo','Molina','est','Fusce',1);
INSERT INTO `User` (`idUser`, `name`, `last_name`, `login`, `password`, `idUserType`) VALUES (69,'Cailin','F','Phasellus','erat',1);
INSERT INTO `User` (`idUser`, `name`, `last_name`, `login`, `password`, `idUserType`) VALUES (70,'Jada','X','mattis','mauris',1);
INSERT INTO `User` (`idUser`, `name`, `last_name`, `login`, `password`, `idUserType`) VALUES (71,'Lillith','Payne','mi.','erat',1);
INSERT INTO `User` (`idUser`, `name`, `last_name`, `login`, `password`, `idUserType`) VALUES (72,'D','Mason','risus.','consectetuer',1);
INSERT INTO `User` (`idUser`, `name`, `last_name`, `login`, `password`, `idUserType`) VALUES (73,'A','Hodges','gravida','in,',1);
INSERT INTO `User` (`idUser`, `name`, `last_name`, `login`, `password`, `idUserType`) VALUES (74,'Phyllis','Z','massa.','in,',1);
INSERT INTO `User` (`idUser`, `name`, `last_name`, `login`, `password`, `idUserType`) VALUES (75,'J','O','lorem','imperdiet',1);
INSERT INTO `User` (`idUser`, `name`, `last_name`, `login`, `password`, `idUserType`) VALUES (76,'Yardley','S','ultricies','tincidunt',1);
INSERT INTO `User` (`idUser`, `name`, `last_name`, `login`, `password`, `idUserType`) VALUES (77,'X','Orr','nec','ipsum',1);
INSERT INTO `User` (`idUser`, `name`, `last_name`, `login`, `password`, `idUserType`) VALUES (78,'Garrison','Pitts','risus.','Curabitur',1);
INSERT INTO `User` (`idUser`, `name`, `last_name`, `login`, `password`, `idUserType`) VALUES (79,'T','Hamilton','nec','nunc',1);
INSERT INTO `User` (`idUser`, `name`, `last_name`, `login`, `password`, `idUserType`) VALUES (80,'M','Summers','sit','Nulla',1);
INSERT INTO `User` (`idUser`, `name`, `last_name`, `login`, `password`, `idUserType`) VALUES (81,'Zena','Y','ligula.','arcu.',1);
INSERT INTO `User` (`idUser`, `name`, `last_name`, `login`, `password`, `idUserType`) VALUES (82,'Quinlan','Z','Sed','sed',1);
INSERT INTO `User` (`idUser`, `name`, `last_name`, `login`, `password`, `idUserType`) VALUES (83,'Tatyana','Ruiz','malesuada','felis',1);
INSERT INTO `User` (`idUser`, `name`, `last_name`, `login`, `password`, `idUserType`) VALUES (84,'Q','W','sed','dui',1);
INSERT INTO `User` (`idUser`, `name`, `last_name`, `login`, `password`, `idUserType`) VALUES (85,'Jack','Washington','ipsum','dolor.',1);
INSERT INTO `User` (`idUser`, `name`, `last_name`, `login`, `password`, `idUserType`) VALUES (86,'Amethyst','Richmond','diam','fringilla.',1);
INSERT INTO `User` (`idUser`, `name`, `last_name`, `login`, `password`, `idUserType`) VALUES (87,'Moses','R','lacus.','sem,',1);
INSERT INTO `User` (`idUser`, `name`, `last_name`, `login`, `password`, `idUserType`) VALUES (88,'W','O','Quisque','hymenaeos.',1);
INSERT INTO `User` (`idUser`, `name`, `last_name`, `login`, `password`, `idUserType`) VALUES (89,'Anthony','N','pretium','primis',1);
INSERT INTO `User` (`idUser`, `name`, `last_name`, `login`, `password`, `idUserType`) VALUES (90,'Russell','Garrett','aliquam','malesuada',1);
INSERT INTO `User` (`idUser`, `name`, `last_name`, `login`, `password`, `idUserType`) VALUES (91,'Oren','Nichols','ultricies','lectus',1);
INSERT INTO `User` (`idUser`, `name`, `last_name`, `login`, `password`, `idUserType`) VALUES (92,'Quyn','Barry','neque.','at,',1);
INSERT INTO `User` (`idUser`, `name`, `last_name`, `login`, `password`, `idUserType`) VALUES (93,'H','M','quam','nec,',1);
INSERT INTO `User` (`idUser`, `name`, `last_name`, `login`, `password`, `idUserType`) VALUES (94,'O','A','ac','dui',1);
INSERT INTO `User` (`idUser`, `name`, `last_name`, `login`, `password`, `idUserType`) VALUES (95,'Ryan','Shannon','tempus','dolor',1);
INSERT INTO `User` (`idUser`, `name`, `last_name`, `login`, `password`, `idUserType`) VALUES (96,'April','R','nisl','sapien,',1);
INSERT INTO `User` (`idUser`, `name`, `last_name`, `login`, `password`, `idUserType`) VALUES (97,'Connor','H','accumsan','aliquet,',1);
INSERT INTO `User` (`idUser`, `name`, `last_name`, `login`, `password`, `idUserType`) VALUES (98,'Maisie','V','nisl.','facilisis',1);
INSERT INTO `User` (`idUser`, `name`, `last_name`, `login`, `password`, `idUserType`) VALUES (99,'G','S','tincidunt','Mauris',1);
INSERT INTO `User` (`idUser`, `name`, `last_name`, `login`, `password`, `idUserType`) VALUES (100,'J','W','magna.','felis',1);

INSERT INTO `Mobile_Phone` (`idMobilePhone`, `id_User`, `phone_number`) VALUES (1,63,'(136) 605-3124');
INSERT INTO `Mobile_Phone` (`idMobilePhone`, `id_User`, `phone_number`) VALUES (2,63,'(558) 881-2918');
INSERT INTO `Mobile_Phone` (`idMobilePhone`, `id_User`, `phone_number`) VALUES (3,62,'(234) 752-9345');
INSERT INTO `Mobile_Phone` (`idMobilePhone`, `id_User`, `phone_number`) VALUES (4,7,'(243) 634-3652');
INSERT INTO `Mobile_Phone` (`idMobilePhone`, `id_User`, `phone_number`) VALUES (5,5,'(697) 386-1054');
INSERT INTO `Mobile_Phone` (`idMobilePhone`, `id_User`, `phone_number`) VALUES (6,98,'(742) 568-8472');
INSERT INTO `Mobile_Phone` (`idMobilePhone`, `id_User`, `phone_number`) VALUES (7,77,'(600) 471-6041');
INSERT INTO `Mobile_Phone` (`idMobilePhone`, `id_User`, `phone_number`) VALUES (8,17,'(743) 773-3036');
INSERT INTO `Mobile_Phone` (`idMobilePhone`, `id_User`, `phone_number`) VALUES (9,76,'(232) 828-0759');
INSERT INTO `Mobile_Phone` (`idMobilePhone`, `id_User`, `phone_number`) VALUES (10,79,'(796) 296-1988');
INSERT INTO `Mobile_Phone` (`idMobilePhone`, `id_User`, `phone_number`) VALUES (11,3,'(227) 163-5564');
INSERT INTO `Mobile_Phone` (`idMobilePhone`, `id_User`, `phone_number`) VALUES (12,56,'(881) 626-5793');
INSERT INTO `Mobile_Phone` (`idMobilePhone`, `id_User`, `phone_number`) VALUES (13,84,'(552) 137-4896');
INSERT INTO `Mobile_Phone` (`idMobilePhone`, `id_User`, `phone_number`) VALUES (14,32,'(660) 999-5006');
INSERT INTO `Mobile_Phone` (`idMobilePhone`, `id_User`, `phone_number`) VALUES (15,55,'(263) 576-8891');
INSERT INTO `Mobile_Phone` (`idMobilePhone`, `id_User`, `phone_number`) VALUES (16,34,'(447) 592-0743');
INSERT INTO `Mobile_Phone` (`idMobilePhone`, `id_User`, `phone_number`) VALUES (17,20,'(188) 888-7236');
INSERT INTO `Mobile_Phone` (`idMobilePhone`, `id_User`, `phone_number`) VALUES (18,10,'(633) 997-5616');
INSERT INTO `Mobile_Phone` (`idMobilePhone`, `id_User`, `phone_number`) VALUES (19,83,'(345) 457-0770');
INSERT INTO `Mobile_Phone` (`idMobilePhone`, `id_User`, `phone_number`) VALUES (20,62,'(917) 980-2073');
INSERT INTO `Mobile_Phone` (`idMobilePhone`, `id_User`, `phone_number`) VALUES (21,94,'(973) 703-4182');
INSERT INTO `Mobile_Phone` (`idMobilePhone`, `id_User`, `phone_number`) VALUES (22,3,'(560) 244-6110');
INSERT INTO `Mobile_Phone` (`idMobilePhone`, `id_User`, `phone_number`) VALUES (23,91,'(858) 442-1557');
INSERT INTO `Mobile_Phone` (`idMobilePhone`, `id_User`, `phone_number`) VALUES (24,57,'(178) 617-9793');
INSERT INTO `Mobile_Phone` (`idMobilePhone`, `id_User`, `phone_number`) VALUES (25,64,'(952) 212-8079');
INSERT INTO `Mobile_Phone` (`idMobilePhone`, `id_User`, `phone_number`) VALUES (26,19,'(594) 260-9746');
INSERT INTO `Mobile_Phone` (`idMobilePhone`, `id_User`, `phone_number`) VALUES (27,98,'(265) 488-7301');
INSERT INTO `Mobile_Phone` (`idMobilePhone`, `id_User`, `phone_number`) VALUES (28,5,'(817) 668-5461');
INSERT INTO `Mobile_Phone` (`idMobilePhone`, `id_User`, `phone_number`) VALUES (29,7,'(987) 613-2596');
INSERT INTO `Mobile_Phone` (`idMobilePhone`, `id_User`, `phone_number`) VALUES (30,71,'(146) 473-4789');
INSERT INTO `Mobile_Phone` (`idMobilePhone`, `id_User`, `phone_number`) VALUES (31,51,'(557) 684-6393');
INSERT INTO `Mobile_Phone` (`idMobilePhone`, `id_User`, `phone_number`) VALUES (32,76,'(744) 250-5967');
INSERT INTO `Mobile_Phone` (`idMobilePhone`, `id_User`, `phone_number`) VALUES (33,46,'(820) 167-8525');
INSERT INTO `Mobile_Phone` (`idMobilePhone`, `id_User`, `phone_number`) VALUES (34,68,'(304) 997-3098');
INSERT INTO `Mobile_Phone` (`idMobilePhone`, `id_User`, `phone_number`) VALUES (35,73,'(463) 503-8469');
INSERT INTO `Mobile_Phone` (`idMobilePhone`, `id_User`, `phone_number`) VALUES (36,20,'(991) 754-1542');
INSERT INTO `Mobile_Phone` (`idMobilePhone`, `id_User`, `phone_number`) VALUES (37,2,'(948) 384-9670');
INSERT INTO `Mobile_Phone` (`idMobilePhone`, `id_User`, `phone_number`) VALUES (38,73,'(958) 197-8874');
INSERT INTO `Mobile_Phone` (`idMobilePhone`, `id_User`, `phone_number`) VALUES (39,7,'(373) 111-9998');
INSERT INTO `Mobile_Phone` (`idMobilePhone`, `id_User`, `phone_number`) VALUES (40,1,'(116) 707-8347');
INSERT INTO `Mobile_Phone` (`idMobilePhone`, `id_User`, `phone_number`) VALUES (41,5,'(658) 361-5611');
INSERT INTO `Mobile_Phone` (`idMobilePhone`, `id_User`, `phone_number`) VALUES (42,82,'(375) 527-8809');
INSERT INTO `Mobile_Phone` (`idMobilePhone`, `id_User`, `phone_number`) VALUES (43,49,'(974) 924-5791');
INSERT INTO `Mobile_Phone` (`idMobilePhone`, `id_User`, `phone_number`) VALUES (44,96,'(522) 973-0158');
INSERT INTO `Mobile_Phone` (`idMobilePhone`, `id_User`, `phone_number`) VALUES (45,53,'(899) 835-0570');
INSERT INTO `Mobile_Phone` (`idMobilePhone`, `id_User`, `phone_number`) VALUES (46,24,'(851) 570-4605');
INSERT INTO `Mobile_Phone` (`idMobilePhone`, `id_User`, `phone_number`) VALUES (47,66,'(303) 281-5172');
INSERT INTO `Mobile_Phone` (`idMobilePhone`, `id_User`, `phone_number`) VALUES (48,45,'(833) 145-2083');
INSERT INTO `Mobile_Phone` (`idMobilePhone`, `id_User`, `phone_number`) VALUES (49,42,'(190) 269-2198');
INSERT INTO `Mobile_Phone` (`idMobilePhone`, `id_User`, `phone_number`) VALUES (50,79,'(251) 770-3055');
INSERT INTO `Mobile_Phone` (`idMobilePhone`, `id_User`, `phone_number`) VALUES (51,11,'(598) 145-4247');
INSERT INTO `Mobile_Phone` (`idMobilePhone`, `id_User`, `phone_number`) VALUES (52,99,'(865) 338-4460');
INSERT INTO `Mobile_Phone` (`idMobilePhone`, `id_User`, `phone_number`) VALUES (53,96,'(177) 929-0592');
INSERT INTO `Mobile_Phone` (`idMobilePhone`, `id_User`, `phone_number`) VALUES (54,1,'(439) 911-7415');
INSERT INTO `Mobile_Phone` (`idMobilePhone`, `id_User`, `phone_number`) VALUES (55,32,'(327) 528-7387');
INSERT INTO `Mobile_Phone` (`idMobilePhone`, `id_User`, `phone_number`) VALUES (56,37,'(667) 319-4882');
INSERT INTO `Mobile_Phone` (`idMobilePhone`, `id_User`, `phone_number`) VALUES (57,22,'(882) 434-6412');
INSERT INTO `Mobile_Phone` (`idMobilePhone`, `id_User`, `phone_number`) VALUES (58,7,'(113) 888-8246');
INSERT INTO `Mobile_Phone` (`idMobilePhone`, `id_User`, `phone_number`) VALUES (59,76,'(137) 581-5448');
INSERT INTO `Mobile_Phone` (`idMobilePhone`, `id_User`, `phone_number`) VALUES (60,27,'(693) 408-7692');
INSERT INTO `Mobile_Phone` (`idMobilePhone`, `id_User`, `phone_number`) VALUES (61,28,'(614) 260-6668');
INSERT INTO `Mobile_Phone` (`idMobilePhone`, `id_User`, `phone_number`) VALUES (62,27,'(522) 190-3836');
INSERT INTO `Mobile_Phone` (`idMobilePhone`, `id_User`, `phone_number`) VALUES (63,18,'(733) 679-8474');
INSERT INTO `Mobile_Phone` (`idMobilePhone`, `id_User`, `phone_number`) VALUES (64,70,'(784) 751-1836');
INSERT INTO `Mobile_Phone` (`idMobilePhone`, `id_User`, `phone_number`) VALUES (65,88,'(413) 874-3396');
INSERT INTO `Mobile_Phone` (`idMobilePhone`, `id_User`, `phone_number`) VALUES (66,24,'(703) 514-5785');
INSERT INTO `Mobile_Phone` (`idMobilePhone`, `id_User`, `phone_number`) VALUES (67,63,'(845) 365-6085');
INSERT INTO `Mobile_Phone` (`idMobilePhone`, `id_User`, `phone_number`) VALUES (68,15,'(468) 800-4360');
INSERT INTO `Mobile_Phone` (`idMobilePhone`, `id_User`, `phone_number`) VALUES (69,20,'(135) 471-2817');
INSERT INTO `Mobile_Phone` (`idMobilePhone`, `id_User`, `phone_number`) VALUES (70,79,'(910) 544-3595');
INSERT INTO `Mobile_Phone` (`idMobilePhone`, `id_User`, `phone_number`) VALUES (71,66,'(605) 429-1439');
INSERT INTO `Mobile_Phone` (`idMobilePhone`, `id_User`, `phone_number`) VALUES (72,34,'(209) 118-4235');
INSERT INTO `Mobile_Phone` (`idMobilePhone`, `id_User`, `phone_number`) VALUES (73,46,'(499) 112-1418');
INSERT INTO `Mobile_Phone` (`idMobilePhone`, `id_User`, `phone_number`) VALUES (74,82,'(776) 316-6626');
INSERT INTO `Mobile_Phone` (`idMobilePhone`, `id_User`, `phone_number`) VALUES (75,74,'(588) 934-9717');
INSERT INTO `Mobile_Phone` (`idMobilePhone`, `id_User`, `phone_number`) VALUES (76,88,'(625) 673-6647');
INSERT INTO `Mobile_Phone` (`idMobilePhone`, `id_User`, `phone_number`) VALUES (77,63,'(839) 630-1127');
INSERT INTO `Mobile_Phone` (`idMobilePhone`, `id_User`, `phone_number`) VALUES (78,75,'(940) 455-0976');
INSERT INTO `Mobile_Phone` (`idMobilePhone`, `id_User`, `phone_number`) VALUES (79,59,'(192) 523-1782');
INSERT INTO `Mobile_Phone` (`idMobilePhone`, `id_User`, `phone_number`) VALUES (80,88,'(756) 286-9564');
INSERT INTO `Mobile_Phone` (`idMobilePhone`, `id_User`, `phone_number`) VALUES (81,95,'(491) 528-7740');
INSERT INTO `Mobile_Phone` (`idMobilePhone`, `id_User`, `phone_number`) VALUES (82,1,'(462) 272-4564');
INSERT INTO `Mobile_Phone` (`idMobilePhone`, `id_User`, `phone_number`) VALUES (83,21,'(445) 907-7684');
INSERT INTO `Mobile_Phone` (`idMobilePhone`, `id_User`, `phone_number`) VALUES (84,66,'(413) 312-8604');
INSERT INTO `Mobile_Phone` (`idMobilePhone`, `id_User`, `phone_number`) VALUES (85,26,'(628) 256-3341');
INSERT INTO `Mobile_Phone` (`idMobilePhone`, `id_User`, `phone_number`) VALUES (86,97,'(583) 721-7404');
INSERT INTO `Mobile_Phone` (`idMobilePhone`, `id_User`, `phone_number`) VALUES (87,9,'(930) 665-9128');
INSERT INTO `Mobile_Phone` (`idMobilePhone`, `id_User`, `phone_number`) VALUES (88,2,'(387) 145-1610');
INSERT INTO `Mobile_Phone` (`idMobilePhone`, `id_User`, `phone_number`) VALUES (89,92,'(881) 987-8265');
INSERT INTO `Mobile_Phone` (`idMobilePhone`, `id_User`, `phone_number`) VALUES (90,65,'(921) 281-7045');
INSERT INTO `Mobile_Phone` (`idMobilePhone`, `id_User`, `phone_number`) VALUES (91,98,'(679) 888-0151');
INSERT INTO `Mobile_Phone` (`idMobilePhone`, `id_User`, `phone_number`) VALUES (92,34,'(717) 656-5419');
INSERT INTO `Mobile_Phone` (`idMobilePhone`, `id_User`, `phone_number`) VALUES (93,30,'(733) 776-2236');
INSERT INTO `Mobile_Phone` (`idMobilePhone`, `id_User`, `phone_number`) VALUES (94,72,'(211) 299-3719');
INSERT INTO `Mobile_Phone` (`idMobilePhone`, `id_User`, `phone_number`) VALUES (95,25,'(470) 430-6181');
INSERT INTO `Mobile_Phone` (`idMobilePhone`, `id_User`, `phone_number`) VALUES (96,9,'(646) 577-3819');
INSERT INTO `Mobile_Phone` (`idMobilePhone`, `id_User`, `phone_number`) VALUES (97,32,'(415) 831-4452');
INSERT INTO `Mobile_Phone` (`idMobilePhone`, `id_User`, `phone_number`) VALUES (98,96,'(156) 521-9369');
INSERT INTO `Mobile_Phone` (`idMobilePhone`, `id_User`, `phone_number`) VALUES (99,7,'(610) 529-3165');
INSERT INTO `Mobile_Phone` (`idMobilePhone`, `id_User`, `phone_number`) VALUES (100,36,'(840) 369-1352');

INSERT INTO `Reservation` (`ID`, `date_from`, `date_to`, `id_User`, `date_request`, `comment`, `id_Hotel_Room`, `id_Reservation_status`) VALUES (1,'2016-11-13','2016-11-15',20,'2016-07-10','non,',2,2);
INSERT INTO `Reservation` (`ID`, `date_from`, `date_to`, `id_User`, `date_request`, `comment`, `id_Hotel_Room`, `id_Reservation_status`) VALUES (2,'2016-08-05','2016-08-06',86,'2016-06-29','gravida. Aliquam tincidunt, nunc ac',6,2);
INSERT INTO `Reservation` (`ID`, `date_from`, `date_to`, `id_User`, `date_request`, `comment`, `id_Hotel_Room`, `id_Reservation_status`) VALUES (3,'2016-11-21','2016-11-23',91,'2016-06-25','non dui nec urna',11,4);
INSERT INTO `Reservation` (`ID`, `date_from`, `date_to`, `id_User`, `date_request`, `comment`, `id_Hotel_Room`, `id_Reservation_status`) VALUES (4,'2016-09-03','2016-09-07',42,'2016-06-25','tellus justo sit amet',5,4);
INSERT INTO `Reservation` (`ID`, `date_from`, `date_to`, `id_User`, `date_request`, `comment`, `id_Hotel_Room`, `id_Reservation_status`) VALUES (5,'2016-10-23','2016-10-25',44,'2016-07-20','mattis',4,4);
INSERT INTO `Reservation` (`ID`, `date_from`, `date_to`, `id_User`, `date_request`, `comment`, `id_Hotel_Room`, `id_Reservation_status`) VALUES (6,'2016-10-05','2016-10-10',52,'2016-08-13','elit. Curabitur sed tortor. Integer',2,3);
INSERT INTO `Reservation` (`ID`, `date_from`, `date_to`, `id_User`, `date_request`, `comment`, `id_Hotel_Room`, `id_Reservation_status`) VALUES (7,'2016-08-02','2016-08-10',31,'2016-07-13','lacus.',12,4);
INSERT INTO `Reservation` (`ID`, `date_from`, `date_to`, `id_User`, `date_request`, `comment`, `id_Hotel_Room`, `id_Reservation_status`) VALUES (8,'2016-10-04','2016-10-12',44,'2016-07-10','Nulla',1,4);
INSERT INTO `Reservation` (`ID`, `date_from`, `date_to`, `id_User`, `date_request`, `comment`, `id_Hotel_Room`, `id_Reservation_status`) VALUES (9,'2016-09-04','2016-09-06',65,'2016-07-20','Nunc ut erat. Sed nunc',1,1);
INSERT INTO `Reservation` (`ID`, `date_from`, `date_to`, `id_User`, `date_request`, `comment`, `id_Hotel_Room`, `id_Reservation_status`) VALUES (10,'2016-12-25','2016-12-28',5,'2016-07-13','sodales nisi magna sed',7,4);
INSERT INTO `Reservation` (`ID`, `date_from`, `date_to`, `id_User`, `date_request`, `comment`, `id_Hotel_Room`, `id_Reservation_status`) VALUES (11,'2016-10-05','2016-10-08',9,'2016-07-23','elit elit fermentum',3,1);
INSERT INTO `Reservation` (`ID`, `date_from`, `date_to`, `id_User`, `date_request`, `comment`, `id_Hotel_Room`, `id_Reservation_status`) VALUES (12,'2016-10-21','2016-10-15',52,'2016-07-22','mauris',15,4);
INSERT INTO `Reservation` (`ID`, `date_from`, `date_to`, `id_User`, `date_request`, `comment`, `id_Hotel_Room`, `id_Reservation_status`) VALUES (13,'2016-10-13','2016-10-02',32,'2016-06-26','purus gravida sagittis. Duis gravida.',10,3);
INSERT INTO `Reservation` (`ID`, `date_from`, `date_to`, `id_User`, `date_request`, `comment`, `id_Hotel_Room`, `id_Reservation_status`) VALUES (14,'2016-12-27','2016-12-31',100,'2016-07-06','auctor. Mauris vel',12,1);
INSERT INTO `Reservation` (`ID`, `date_from`, `date_to`, `id_User`, `date_request`, `comment`, `id_Hotel_Room`, `id_Reservation_status`) VALUES (15,'2016-08-08','2016-08-09',33,'2016-07-08','pharetra',1,1);
INSERT INTO `Reservation` (`ID`, `date_from`, `date_to`, `id_User`, `date_request`, `comment`, `id_Hotel_Room`, `id_Reservation_status`) VALUES (16,'2016-12-06','2016-12-14',85,'2016-07-21','sem, consequat nec, mollis vitae,',5,2);
INSERT INTO `Reservation` (`ID`, `date_from`, `date_to`, `id_User`, `date_request`, `comment`, `id_Hotel_Room`, `id_Reservation_status`) VALUES (17,'2016-08-21','2016-08-26',40,'2016-07-29','pede, nonummy ut,',14,4);
INSERT INTO `Reservation` (`ID`, `date_from`, `date_to`, `id_User`, `date_request`, `comment`, `id_Hotel_Room`, `id_Reservation_status`) VALUES (18,'2016-08-23','2016-08-27',36,'2016-07-04','et nunc. Quisque ornare',6,2);
INSERT INTO `Reservation` (`ID`, `date_from`, `date_to`, `id_User`, `date_request`, `comment`, `id_Hotel_Room`, `id_Reservation_status`) VALUES (19,'2016-11-28','2016-11-30',72,'2016-07-25','sociis',5,3);
INSERT INTO `Reservation` (`ID`, `date_from`, `date_to`, `id_User`, `date_request`, `comment`, `id_Hotel_Room`, `id_Reservation_status`) VALUES (20,'2016-09-19','2016-09-27',5,'2016-07-12','eu, placerat eget,',1,2);

INSERT INTO `Value_Pool` (`ID`, `value`) VALUES (1,'1');
INSERT INTO `Value_Pool` (`ID`, `value`) VALUES (2,'2');
INSERT INTO `Value_Pool` (`ID`, `value`) VALUES (3,'3');
INSERT INTO `Value_Pool` (`ID`, `value`) VALUES (4,'4');
INSERT INTO `Value_Pool` (`ID`, `value`) VALUES (5,'5');
INSERT INTO `Value_Pool` (`ID`, `value`) VALUES (6,'econom');
INSERT INTO `Value_Pool` (`ID`, `value`) VALUES (8,'luxury');
INSERT INTO `Value_Pool` (`ID`, `value`) VALUES (9,'president_luxury');
INSERT INTO `Value_Pool` (`ID`, `value`) VALUES (7,'standart');

INSERT INTO `Room_Parameter` (`ID`, `parameter_name`, `ID_default_value`, `optional`) VALUES (1,'floor',1,0);
INSERT INTO `Room_Parameter` (`ID`, `parameter_name`, `ID_default_value`, `optional`) VALUES (2,'appartment_class',7,0);
INSERT INTO `Room_Parameter` (`ID`, `parameter_name`, `ID_default_value`, `optional`) VALUES (3,'place_number',1,0);

INSERT INTO `Parameter_Values` (`ID`, `id_Value_Pool`, `id_Room_Parameter`,`price`) VALUES (43,1,1,100);
INSERT INTO `Parameter_Values` (`ID`, `id_Value_Pool`, `id_Room_Parameter`,`price`) VALUES (44,2,1,200);
INSERT INTO `Parameter_Values` (`ID`, `id_Value_Pool`, `id_Room_Parameter`,`price`) VALUES (45,3,1,300);
INSERT INTO `Parameter_Values` (`ID`, `id_Value_Pool`, `id_Room_Parameter`,`price`) VALUES (46,4,1,400);
INSERT INTO `Parameter_Values` (`ID`, `id_Value_Pool`, `id_Room_Parameter`,`price`) VALUES (47,5,1,500);
INSERT INTO `Parameter_Values` (`ID`, `id_Value_Pool`, `id_Room_Parameter`,`price`) VALUES (48,6,2,1500);
INSERT INTO `Parameter_Values` (`ID`, `id_Value_Pool`, `id_Room_Parameter`,`price`) VALUES (49,7,2,1600);
INSERT INTO `Parameter_Values` (`ID`, `id_Value_Pool`, `id_Room_Parameter`,`price`) VALUES (50,8,2,1700);
INSERT INTO `Parameter_Values` (`ID`, `id_Value_Pool`, `id_Room_Parameter`,`price`) VALUES (51,9,2,1800);
INSERT INTO `Parameter_Values` (`ID`, `id_Value_Pool`, `id_Room_Parameter`,`price`) VALUES (52,1,3,1900);
INSERT INTO `Parameter_Values` (`ID`, `id_Value_Pool`, `id_Room_Parameter`,`price`) VALUES (53,2,3,2000);
INSERT INTO `Parameter_Values` (`ID`, `id_Value_Pool`, `id_Room_Parameter`,`price`) VALUES (54,3,3,600);
INSERT INTO `Parameter_Values` (`ID`, `id_Value_Pool`, `id_Room_Parameter`,`price`) VALUES (55,4,3,700);
INSERT INTO `Parameter_Values` (`ID`, `id_Value_Pool`, `id_Room_Parameter`,`price`) VALUES (56,5,3,800);



INSERT INTO `Request_Parameters` (`id_Reservation_Request`,`id_Parameter_Values`)
VALUES (1,46),(2,45),(3,44),(4,45),(5,45),(6,47),(7,45),(8,44),(9,43),(10,44);
INSERT INTO `Request_Parameters` (`id_Reservation_Request`,`id_Parameter_Values`)
VALUES (11,44),(12,47),(13,44),(14,43),(15,45),(16,43),(17,47),(18,46),(19,46),(20,46);

INSERT INTO `Request_Parameters` (`id_Reservation_Request`,`id_Parameter_Values`) VALUES (1,50),(2,50),(3,50),(4,51),(5,48),(6,49),
(7,48),(8,50),(9,49),(10,50),(11,49),(12,51),(13,50),(14,49),(15,50),(16,50),(17,48),(18,51),(19,49),(20,50);

INSERT INTO `Request_Parameters` (`id_Reservation_Request`,`id_Parameter_Values`) VALUES (1,56),(2,56),(3,52),(4,55),(5,55),(6,53),(7,53),(8,55),
(9,55),(10,52),(11,52),(12,54),(13,55),(14,56),(15,52),(16,53),(17,52),(18,55),(19,54),(20,52);



INSERT INTO `hotel_room_characteristics` (`id_Hotel_Room`,`id_Parameter_Values`)
VALUES (1,46),(2,45),(3,44),(4,45),(5,45),(6,47),(7,45),(8,44),(9,43),(10,44);
INSERT INTO `hotel_room_characteristics` (`id_Hotel_Room`,`id_Parameter_Values`)
VALUES (11,44),(12,47),(13,44),(14,43),(15,45),(16,43),(17,47),(18,46),(19,46),(20,46);

INSERT INTO `hotel_room_characteristics` (`id_Hotel_Room`,`id_Parameter_Values`) VALUES (1,50),(2,50),(3,50),(4,51),(5,48),(6,49),
(7,48),(8,50),(9,49),(10,50),(11,49),(12,51),(13,50),(14,49),(15,50),(16,50),(17,48),(18,51),(19,49),(20,50);

INSERT INTO `hotel_room_characteristics` (`id_Hotel_Room`,`id_Parameter_Values`) VALUES (1,56),(2,56),(3,52),(4,55),(5,55),(6,53),(7,53),(8,55),
(9,55),(10,52),(11,52),(12,54),(13,55),(14,56),(15,52),(16,53),(17,52),(18,55),(19,54),(20,52);

INSERT INTO `Reservation_Status` (`id_Reservation_status`, `status`) VALUES (1,'processing');
INSERT INTO `Reservation_Status` (`id_Reservation_status`, `status`) VALUES (2,'answered');
INSERT INTO `Reservation_Status` (`id_Reservation_status`, `status`) VALUES (3,'refused');
INSERT INTO `Reservation_Status` (`id_Reservation_status`, `status`) VALUES (4,'submitted');

INSERT INTO `User_Type` (`idUserType`, `typeName`) VALUES (1,'ADMIN');
INSERT INTO `User_Type` (`idUserType`, `typeName`) VALUES (2,'REGISTERED_USER');